1,admin,admin,ADMIN,22,female,Huế,0782098144,2023-01-01 00:00,admin
222,retail_,admin,Khách lẻ,22,female,Huế,0782098344,2023-01-01 00:00,customer
2,thuy_2k,12345,Bích Thủy,22,female,Huế,0782098110,2023-01-01 12:00,customer
3,thi_123,12345,Bảo Thi,22,female,Huế,0784456349,2023-01-01 10:00,customer
4,ngocvo_345,12345,Ngọc,22,male,Huế,0382198111,2023-01-01 10:00,customer
5,yen_yns,12345,Yến,22,female,Huế,0982098100,2023-01-01 11:00,customer
6,hong_jp,12345,Hồng,22,female,Huế,0782090199,2023-01-01 08:00,customer
896,bthuy_,12345,thủy,22,female,huế,0782098134,2023-01-13 10:29,customer